map,1,,,,
xMin,xMax,yMin,yMax,xScale,yScale
174.24405,175.38357,-37.34747,-36.41008,88.99,111.32
